name,year,level,type,apply,user,building,mode,Invest Coefficient,Invest Constant,Size Lower,Size Upper,Size Coefficient,Size Constant,Area Lower,Area Upper,Area Coefficient,Area Constant
BEG EM,2023,country,purchase,HeatPumpAirWater,basic,all,,0.25,0,,,,,,,,
BEG EM,2023,country,purchase,HeatPumpBrineWater,basic,all,,0.3,0,,,,,,,,
BEG EM,2023,country,purchase,SolarThermalCollectorFlatPlate,basic,all,,0,0,,,,,,,,
BEG EM,2023,country,purchase,SolarThermalCollectorFlatPlate,basic,all,,0.25,0,,,,,,,,
BEG EM,2023,country,purchase,SolarThermalCollectorTube,basic,all,,0,0,,,,,,,,
BEG EM,2023,country,purchase,SolarThermalCollectorTube,basic,all,,0.25,0,,,,,,,,
BEG EM,2023,country,purchase,Biomasseheizungen,basic,all,,0,0,,,,,,,,
BEG EM,2023,country,purchase,Biomasseheizungen,basic,all,,0.1,0,,,,,,,,
BEG EM,2023,country,purchase,Brennstoffzellenheizungen,basic,all,,0,0,,,,,,,,
BEG EM,2023,country,purchase,Brennstoffzellenheizungen,basic,all,,0.25,0,,,,,,,,
BEG EM,2023,country,purchase,HeatPumpAirWater,premium_Exchange premium for oil,all,,0.35,0,,,,,,,,
BEG EM,2023,country,purchase,HeatPumpBrineWater,premium_Exchange premium for oil,all,,0.4,0,,,,,,,,
BEG EM,2023,country,purchase,SolarThermalCollectorFlatPlate,premium_Exchange premium for oil,all,,0,0,,,,,,,,
BEG EM,2023,country,purchase,SolarThermalCollectorFlatPlate,premium_Exchange premium for oil,all,,0.35,0,,,,,,,,
BEG EM,2023,country,purchase,SolarThermalCollectorTube,premium_Exchange premium for oil,all,,0,0,,,,,,,,
BEG EM,2023,country,purchase,SolarThermalCollectorTube,premium_Exchange premium for oil,all,,0.35,0,,,,,,,,
BEG EM,2023,country,purchase,Biomasseheizungen,premium_Exchange premium for oil,all,,0,0,,,,,,,,
BEG EM,2023,country,purchase,Biomasseheizungen,premium_Exchange premium for oil,all,,0.2,0,,,,,,,,
BEG EM,2023,country,purchase,Brennstoffzellenheizungen,premium_Exchange premium for oil,all,,0,0,,,,,,,,
BEG EM,2023,country,purchase,Brennstoffzellenheizungen,premium_Exchange premium for oil,all,,0.35,0,,,,,,,,
EEG,2023,country,operate,PV,basic,all,surplus feed-in + direct marketing,,,0,10,0.086,0,,,,
EEG,2023,country,operate,PV,basic,all,surplus feed-in + fixed compensation,,,0,10,0.082,0,,,,
EEG,2023,country,operate,PV,basic,all,surplus feed-in + direct marketing,,,10,40,0.075,0,,,,
EEG,2023,country,operate,PV,basic,all,surplus feed-in + fixed compensation,,,10,40,0.071,0,,,,
EEG,2023,country,operate,PV,basic,all,surplus feed-in + direct marketing,,,40,100,0.062,0,,,,
EEG,2023,country,operate,PV,basic,all,surplus feed-in + fixed compensation,,,40,100,0.058,0,,,,
EEG,2023,country,operate,PV,basic,all,surplus feed-in + direct marketing,,,100,1000,0.062,0,,,,
EEG,2023,country,operate,PV,basic,all,surplus feed-in + fixed compensation,,,100,inf,0,0,,,,
EEG,2023,country,operate,PV,basic,all,surplus feed-in + direct marketing,,,1000,inf,0,0,,,,
EEG,2023,country,operate,PV,basic,all,full feed-in + direct marketing,,,0,10,0.134,0,,,,
EEG,2023,country,operate,PV,basic,all,full feed-in + fixed compensation,,,0,10,0.13,0,,,,
EEG,2023,country,operate,PV,basic,all,full feed-in + direct marketing,,,10,100,0.113,0,,,,
EEG,2023,country,operate,PV,basic,all,full feed-in + fixed compensation,,,10,100,0.109,0,,,,
EEG,2023,country,operate,PV,basic,all,full feed-in + direct marketing,,,100,400,0.094,0,,,,
EEG,2023,country,operate,PV,basic,all,full feed-in + fixed compensation,,,100,inf,0,0,,,,
EEG,2023,country,operate,PV,basic,all,full feed-in + direct marketing,,,400,1000,0.081,0,,,,
EEG,2023,country,operate,PV,basic,all,full feed-in + direct marketing,,,1000,inf,0,0,,,,
KWKG,2023,country,operate,CHP,basic,all,basic + feed-in,,,0,50,0.08,0,,,,
KWKG,2023,country,operate,CHP,basic,all,basic + feed-in,,,50,100,0.06,0,,,,
KWKG,2023,country,operate,CHP,basic,all,basic + feed-in,,,100,250,0.05,0,,,,
KWKG,2023,country,operate,CHP,basic,all,basic + feed-in,,,250,2000,0.044,0,,,,
KWKG,2023,country,operate,CHP,basic,all,basic + feed-in,,,2000,inf,0.031,0,,,,
KWKG,2023,country,operate,CHP,basic,all,new chp plants + feed-in,,,0,50,0.16,0,,,,
KWKG,2023,country,operate,CHP,basic,all,new chp plants + feed-in,,,50,inf,0,0,,,,
KWKG,2023,country,operate,CHP,basic,all,basic + not feed-in_up to 100kW,,,0,50,0.04,0,,,,
KWKG,2023,country,operate,CHP,basic,all,basic + not feed-in_up to 100kW,,,50,100,0.03,0,,,,
KWKG,2023,country,operate,CHP,basic,all,basic + not feed-in_up to 100kW,,,100,inf,0,0,,,,
KWKG,2023,country,operate,CHP,basic,all,new chp plants + not feed-in_up to 100kW,,,0,50,0.08,0,,,,
KWKG,2023,country,operate,CHP,basic,all,new chp plants + not feed-in_up to 100kW,,,50,inf,0,0,,,,
KWKG,2023,country,operate,CHP,basic,all,basic + not feed-in_customer installations,,,0,50,0.04,0,,,,
KWKG,2023,country,operate,CHP,basic,all,basic + not feed-in_customer installations,,,50,100,0.03,0,,,,
KWKG,2023,country,operate,CHP,basic,all,basic + not feed-in_customer installations,,,100,250,0.02,0,,,,
KWKG,2023,country,operate,CHP,basic,all,basic + not feed-in_customer installations,,,250,2000,0.015,0,,,,
KWKG,2023,country,operate,CHP,basic,all,basic + not feed-in_customer installations,,,2000,inf,0.01,0,,,,
KWKG,2023,country,operate,CHP,basic,all,new chp plants + not feed-in_customer intallations,,,0,50,0.08,0,,,,
KWKG,2023,country,operate,CHP,basic,all,new chp plants + not feed-in_customer intallations,,,50,inf,0,0,,,,
KWKG,2023,country,operate,CHP,basic,all,basic + not feed-in_electricity-intensive company,,,0,50,0.0541,0,,,,
KWKG,2023,country,operate,CHP,basic,all,basic + not feed-in_electricity-intensive company,,,50,250,0.04,0,,,,
KWKG,2023,country,operate,CHP,basic,all,basic + not feed-in_electricity-intensive company,,,250,2000,0.024,0,,,,
KWKG,2023,country,operate,CHP,basic,all,basic + not feed-in_electricity-intensive company,,,2000,inf,0.018,0,,,,
KWKG,2023,country,operate,CHP,basic,all,new chp plants + not feed-in_electricity-intensive company,,,0,50,0.08,0,,,,
KWKG,2023,country,operate,CHP,basic,all,new chp plants + not feed-in_electricity-intensive company,,,50,inf,0,0,,,,
Schleswig-Holstein_Subsidy,2023,state,purchase,Battery,basic,all,,0.5,0,,,,,,,,
Schleswig-Holstein_Subsidy,2023,state,purchase,Battery,basic,all,,0,750,,,,,,,,
Schleswig-Holstein_Subsidy,2023,state,purchase,HeatPumpAirWater,basic,all,,0.35,0,,,,,,,,
Schleswig-Holstein_Subsidy,2023,state,purchase,HeatPumpAirWater,basic,all,,0,2000,,,,,,,,
Schleswig-Holstein_Subsidy,2023,state,purchase,HeatPumpBrineWater,basic,all,,0.3,0,,,,,,,,
Schleswig-Holstein_Subsidy,2023,state,purchase,HeatPumpBrineWater,basic,all,,0,2000,,,,,,,,
Schleswig-Holstein_Subsidy,2023,state,purchase,HeatPumpAirWater,premium_Exchange premium for oil,all,,0.25,0,,,,,,,,
Schleswig-Holstein_Subsidy,2023,state,purchase,HeatPumpAirWater,premium_Exchange premium for oil,all,,0,2000,,,,,,,,
Schleswig-Holstein_Subsidy,2023,state,purchase,HeatPumpBrineWater,premium_Exchange premium for oil,all,,0.2,0,,,,,,,,
Schleswig-Holstein_Subsidy,2023,state,purchase,HeatPumpBrineWater,premium_Exchange premium for oil,all,,0,2000,,,,,,,,
Schleswig-Holstein_Subsidy,2023,state,purchase,SolarThermalCollectorFlatPlate,basic,all,,0.35,0,,,,,,,,
Schleswig-Holstein_Subsidy,2023,state,purchase,SolarThermalCollectorFlatPlate,basic,all,,0,900,,,,,,,,
Schleswig-Holstein_Subsidy,2023,state,purchase,SolarThermalCollectorTube,basic,all,,0.35,0,,,,,,,,
Schleswig-Holstein_Subsidy,2023,state,purchase,SolarThermalCollectorTube,basic,all,,0,900,,,,,,,,
Schleswig-Holstein_Subsidy,2023,state,purchase,SolarThermalCollectorFlatPlate,premium_Exchange premium for oil,all,,0.25,0,,,,,,,,
Schleswig-Holstein_Subsidy,2023,state,purchase,SolarThermalCollectorFlatPlate,premium_Exchange premium for oil,all,,0,900,,,,,,,,
Schleswig-Holstein_Subsidy,2023,state,purchase,SolarThermalCollectorTube,premium_Exchange premium for oil,all,,0.25,0,,,,,,,,
Schleswig-Holstein_Subsidy,2023,state,purchase,SolarThermalCollectorTube,premium_Exchange premium for oil,all,,0,900,,,,,,,,
Stuttgart_Subsidy,2023,city,purchase,PV,basic,all,,,,0,142.86,350,0,,,,
Stuttgart_Subsidy,2023,city,purchase,PV,basic,all,,,,142.86,inf,0,50000,,,,
Stuttgart_Subsidy,2023,city,purchase,Battery,basic,all,,,,0,66.67,300,0,,,,
Stuttgart_Subsidy,2023,city,purchase,Battery,basic,all,,,,66.67,inf,0,20000,,,,
Stuttgart_Subsidy,2023,city,purchase,HeatPump,basic,all,,,,0,30,0,2500,,,,
Stuttgart_Subsidy,2023,city,purchase,HeatPump,basic,all,,,,30,40,0,3750,,,,
Stuttgart_Subsidy,2023,city,purchase,HeatPump,basic,all,,,,40,50,0,5000,,,,
Stuttgart_Subsidy,2023,city,purchase,HeatPump,basic,all,,,,50,inf,0,6250,,,,
Stuttgart_Subsidy,2023,city,purchase,HeatPumpAirWater,basic,all,,,,0,30,0,2500,,,,
Stuttgart_Subsidy,2023,city,purchase,HeatPumpAirWater,basic,all,,,,30,40,0,3750,,,,
Stuttgart_Subsidy,2023,city,purchase,HeatPumpAirWater,basic,all,,,,40,50,0,5000,,,,
Stuttgart_Subsidy,2023,city,purchase,HeatPumpAirWater,basic,all,,,,50,inf,0,6250,,,,
Stuttgart_Subsidy,2023,city,purchase,HeatPumpBrineWater,basic,all,,,,0,30,0,2500,,,,
Stuttgart_Subsidy,2023,city,purchase,HeatPumpBrineWater,basic,all,,,,30,40,0,3750,,,,
Stuttgart_Subsidy,2023,city,purchase,HeatPumpBrineWater,basic,all,,,,40,50,0,5000,,,,
Stuttgart_Subsidy,2023,city,purchase,HeatPumpBrineWater,basic,all,,,,50,inf,0,6250,,,,
Stuttgart_Subsidy,2023,city,purchase,CHP,basic,all,,,,0,20,0,6000,,,,
Stuttgart_Subsidy,2023,city,purchase,CHP,basic,all,,,,20,inf,0,0,,,,
Mannheim_Subsidy,2023,city,purchase,PV,basic,all,,,,0,10,100,0,,,,
Mannheim_Subsidy,2023,city,purchase,PV,basic,all,,,,10,inf,0,1000,,,,
Mannheim_Subsidy,2023,city,purchase,PV,premium,all,,,,0,15,160,0,,,,
Mannheim_Subsidy,2023,city,purchase,PV,premium,all,,,,15,inf,0,2400,,,,
Freiburg_Subsidy,2023,city,purchase,PV,basic,all,,,,0,1.33,0,0,,,,
Freiburg_Subsidy,2023,city,purchase,PV,basic,all,,,,1.33,10,150,0,,,,
Freiburg_Subsidy,2023,city,purchase,PV,basic,all,,,,10,inf,0,1500,,,,
Freiburg_Subsidy,2023,city,purchase,Battery,basic,all,,,,0,10,150,0,,,,
Freiburg_Subsidy,2023,city,purchase,Battery,basic,all,,,,10,inf,0,1500,,,,
Ulm_Subsidy,2023,city,purchase,PV,basic,all,,,,0,0.6,0,250,,,,
Ulm_Subsidy,2023,city,purchase,PV,basic,all,,,,0.6,2,0,0,,,,
Ulm_Subsidy,2023,city,purchase,PV,basic,all,,,,2,100,75,0,,,,
Ulm_Subsidy,2023,city,purchase,PV,basic,all,,,,100,inf,0,7550,,,,
Heidelberg_Subsidy,2023,city,purchase,PV,basic,all,,,,0,100,100,0,,,,
Heidelberg_Subsidy,2023,city,purchase,PV,basic,all,,,,100,inf,0,10000,,,,
Baden-Baden_Subsidy,2023,city,purchase,HeatPump,premium_SWBAD,all,,,,0,30,0,1000,,,,
Baden-Baden_Subsidy,2023,city,purchase,HeatPump,premium_SWBAD,all,,,,30,inf,0,0,,,,
Baden-Baden_Subsidy,2023,city,purchase,HeatPumpAirWater,premium_SWBAD,all,,,,0,30,0,1000,,,,
Baden-Baden_Subsidy,2023,city,purchase,HeatPumpAirWater,premium_SWBAD,all,,,,30,inf,0,0,,,,
Baden-Baden_Subsidy,2023,city,purchase,HeatPumpBrineWater,premium_SWBAD,all,,,,0,30,0,1000,,,,
Baden-Baden_Subsidy,2023,city,purchase,HeatPumpBrineWater,premium_SWBAD,all,,,,30,inf,0,0,,,,
Baden-Baden_Subsidy,2023,city,purchase,CHP,premium_SWBAD,all,,,,0,5,0,1000,,,,
Baden-Baden_Subsidy,2023,city,purchase,CHP,premium_SWBAD,all,,,,5,inf,0,0,,,,
Konstanz_Subsidy,2023,city,purchase,HeatPump,basic,all,,,,0,inf,0,1000,,,,
Konstanz_Subsidy,2023,city,purchase,HeatPumpAirWater,basic,all,,,,0,inf,0,1000,,,,
Konstanz_Subsidy,2023,city,purchase,HeatPumpBrineWater,basic,all,,,,0,inf,0,1000,,,,
Konstanz_Subsidy,2023,city,purchase,PV,basic,all,,,,0,1.5,0,0,,,,
Konstanz_Subsidy,2023,city,purchase,PV,basic,all,,,,1.5,inf,0,300,,,,
Ludwigsburg_Subsidy,2023,city,purchase,PV,basic,all,,,,0,0.6,0,300,,,,
Ludwigsburg_Subsidy,2023,city,purchase,PV,basic,all,,,,0.6,6,250,0,,,,
Ludwigsburg_Subsidy,2023,city,purchase,PV,basic,all,,,,6,inf,0,1500,,,,
Ludwigsburg_Subsidy,2023,city,purchase,Battery,basic,all,,,,0,10,100,0,,,,
Ludwigsburg_Subsidy,2023,city,purchase,Battery,basic,all,,,,10,inf,0,1000,,,,
Ludwigsburg_Subsidy,2023,city,purchase,SolarThermalCollector,basic,all,,,,,,,,0,10,150,0
Ludwigsburg_Subsidy,2023,city,purchase,SolarThermalCollector,basic,all,,,,,,,,10,inf,0,1500
Ludwigsburg_Subsidy,2023,city,purchase,SolarThermalCollectorFlatPlate,basic,all,,,,,,,,0,10,150,0
Ludwigsburg_Subsidy,2023,city,purchase,SolarThermalCollectorFlatPlate,basic,all,,,,,,,,10,inf,0,1500
Ludwigsburg_Subsidy,2023,city,purchase,SolarThermalCollectorTube,basic,all,,,,,,,,0,10,150,0
Ludwigsburg_Subsidy,2023,city,purchase,SolarThermalCollectorTube,basic,all,,,,,,,,10,inf,0,1500
Tuebingen_Subsidy,2023,city,purchase,PV,premium_SWT,all,,,,0,1,0,0,,,,
Tuebingen_Subsidy,2023,city,purchase,PV,premium_SWT,all,,,,1,5,0,1500,,,,
Tuebingen_Subsidy,2023,city,purchase,PV,premium_SWT,all,,,,5,9,0,2250,,,,
Tuebingen_Subsidy,2023,city,purchase,PV,premium_SWT,all,,,,9,inf,0,3000,,,,
Tuebingen_Subsidy,2023,city,purchase,Battery,premium_SWT,all,,,,0,1,0,0,,,,
Tuebingen_Subsidy,2023,city,purchase,Battery,premium_SWT,all,,,,1,20,250,0,,,,
Tuebingen_Subsidy,2023,city,purchase,Battery,premium_SWT,all,,,,20,inf,0,4750,,,,
Tuebingen_Subsidy,2023,city,purchase,CHP,premium_SWT,all,,,,0,5,0,500,,,,
Tuebingen_Subsidy,2023,city,purchase,CHP,premium_SWT,all,,,,5,15,100,500,,,,
Tuebingen_Subsidy,2023,city,purchase,CHP,premium_SWT,all,,,,15,inf,0,1500,,,,
Muenhen_Subsidy,2023,city,purchase,PV,basic,EFH;ZFH;MFH,,,,0,0.6,400,0,,,,
Muenhen_Subsidy,2023,city,purchase,PV,basic,EFH;ZFH;MFH,,,,0.6,40,282,1500,,,,
Muenhen_Subsidy,2023,city,purchase,PV,basic,EFH;ZFH;MFH,,,,40,100,282,3500,,,,
Muenhen_Subsidy,2023,city,purchase,PV,basic,EFH;ZFH;MFH,,,,100,inf,282,9500,,,,
Muenhen_Subsidy,2023,city,purchase,PV,basic,NWG,,,,0,0.6,400,0,,,,
Muenhen_Subsidy,2023,city,purchase,PV,basic,NWG,,,,0.6,40,188,1500,,,,
Muenhen_Subsidy,2023,city,purchase,PV,basic,NWG,,,,40,100,188,3500,,,,
Muenhen_Subsidy,2023,city,purchase,PV,basic,NWG,,,,100,inf,94,18900,,,,
Muenhen_Subsidy,2023,city,purchase,SolarThermalCollector,basic,EFH;ZFH;MFH,,0.15,0,,,,,,,,
Muenhen_Subsidy,2023,city,purchase,SolarThermalCollectorFlatPlate,basic,EFH;ZFH;MFH,,0.15,0,,,,,,,,
Muenhen_Subsidy,2023,city,purchase,SolarThermalCollectorTube,basic,EFH;ZFH;MFH,,0.15,0,,,,,,,,
Muenhen_Subsidy,2023,city,purchase,SolarThermalCollector,basic,NWG,,0.15,0,,,,,,,,
Muenhen_Subsidy,2023,city,purchase,SolarThermalCollectorFlatPlate,basic,NWG,,0.15,0,,,,,,,,
Muenhen_Subsidy,2023,city,purchase,SolarThermalCollectorTube,basic,NWG,,0.15,0,,,,,,,,
Muenhen_Subsidy,2023,city,purchase,HeatPump,basic,EFH;ZFH;MFH,,0.15,0,,,,,,,,
Muenhen_Subsidy,2023,city,purchase,HeatPumpAirWater,basic,EFH;ZFH;MFH,,0.15,0,,,,,,,,
Muenhen_Subsidy,2023,city,purchase,HeatPumpBrineWater,basic,EFH;ZFH;MFH,,0.15,0,,,,,,,,
Muenhen_Subsidy,2023,city,purchase,HeatPump,basic,NWG,,0.15,0,,,,,,,,
Muenhen_Subsidy,2023,city,purchase,HeatPumpAirWater,basic,NWG,,0.15,0,,,,,,,,
Muenhen_Subsidy,2023,city,purchase,HeatPumpBrineWater,basic,NWG,,0.15,0,,,,,,,,
Augsburg_Subsidy,2023,city,purchase,PV,basic,all,,,,0,0.25,0,0,,,,
Augsburg_Subsidy,2023,city,purchase,PV,basic,all,,,,0.25,0.45,0,100,,,,
Augsburg_Subsidy,2023,city,purchase,PV,basic,all,,,,0.45,0.6,0,200,,,,
Augsburg_Subsidy,2023,city,purchase,PV,basic,all,,,,0.6,1,0,0,,,,
Augsburg_Subsidy,2023,city,purchase,PV,basic,all,,,,1,3,0,500,,,,
Augsburg_Subsidy,2023,city,purchase,PV,basic,all,,,,3,inf,0,1000,,,,
Augsburg_Subsidy,2023,city,purchase,SolarThermalCollector,basic,all,,,,,,,,0,3,0,0
Augsburg_Subsidy,2023,city,purchase,SolarThermalCollector,basic,all,,,,,,,,3,inf,0,500
Augsburg_Subsidy,2023,city,purchase,SolarThermalCollectorFlatPlate,basic,all,,,,,,,,0,3,0,0
Augsburg_Subsidy,2023,city,purchase,SolarThermalCollectorFlatPlate,basic,all,,,,,,,,3,inf,0,500
Augsburg_Subsidy,2023,city,purchase,SolarThermalCollectorTube,basic,all,,,,,,,,0,0,0,0
Augsburg_Subsidy,2023,city,purchase,SolarThermalCollectorTube,basic,all,,,,,,,,3,inf,0,500
Regensburg_Subsidy,2023,city,purchase,PV,basic,all,,,,0,0.6,0,150,,,,
Regensburg_Subsidy,2023,city,purchase,PV,basic,all,,,,0.6,15,100,0,,,,
Regensburg_Subsidy,2023,city,purchase,PV,basic,all,,,,15,inf,0,1500,,,,
Erlangen_Subsidy,2023,city,purchase,PV,basic,all,,,,0,1,0,0,,,,
Erlangen_Subsidy,2023,city,purchase,PV,basic,all,,,,1,30,150,0,,,,
Erlangen_Subsidy,2023,city,purchase,PV,basic,all,,,,30,100,75,4500,,,,
Erlangen_Subsidy,2023,city,purchase,PV,basic,all,,,,100,inf,0,12000,,,,
Erlangen_Subsidy,2023,city,purchase,Battery,basic,all,,,,0,7,150,0,,,,
Erlangen_Subsidy,2023,city,purchase,Battery,basic,all,,,,7,inf,0,1050,,,,
Erlangen_Subsidy,2023,city,purchase,SolarThermalCollector,basic,all,,,,,,,,0,14,70,0
Erlangen_Subsidy,2023,city,purchase,SolarThermalCollector,basic,all,,,,,,,,14,inf,0,980
Erlangen_Subsidy,2023,city,purchase,SolarThermalCollectorFlatPlate,basic,all,,,,,,,,0,14,70,0
Erlangen_Subsidy,2023,city,purchase,SolarThermalCollectorFlatPlate,basic,all,,,,,,,,14,inf,0,980
Erlangen_Subsidy,2023,city,purchase,SolarThermalCollectorTube,basic,all,,,,,,,,0,14,70,0
Erlangen_Subsidy,2023,city,purchase,SolarThermalCollectorTube,basic,all,,,,,,,,14,inf,0,980
Erlangen_Subsidy,2023,city,purchase,HeatPumpAirWater,basic,all,,0.2,0,,,,,,,,
Erlangen_Subsidy,2023,city,purchase,HeatPumpAirWater,basic,all,,0,1000,,,,,,,,
Erlangen_Subsidy,2023,city,purchase,HeatPumpBrineWater,basic,all,,0.2,0,,,,,,,,
Erlangen_Subsidy,2023,city,purchase,HeatPumpBrineWater,basic,all,,0,7000,,,,,,,,
Wuerzburg_Subsidy,2023,city,purchase,PV,basic,all,,,,0,0.6,0,200,,,,
Wuerzburg_Subsidy,2023,city,purchase,PV,basic,all,,,,0.6,10,150,0,,,,
Wuerzburg_Subsidy,2023,city,purchase,PV,basic,all,,,,10,inf,0,1500,,,,
Schweinfurt_Subsidy,2023,city,purchase,PV,basic,all,,,,0,10,100,0,,,,
Schweinfurt_Subsidy,2023,city,purchase,PV,basic,all,,,,10,inf,0,1000,,,,
Schweinfurt_Subsidy,2023,city,purchase,Battery,basic,all,,,,0,3,0,0,,,,
Schweinfurt_Subsidy,2023,city,purchase,Battery,basic,all,,,,3,7,100,0,,,,
Schweinfurt_Subsidy,2023,city,purchase,Battery,basic,all,,,,7,inf,0,700,,,,
Fuerth_Subsidy,2023,city,purchase,CHP,basic,all,,,,0,inf,0,1000,,,,
Fuerth_Subsidy,2023,city,purchase,SolarThermalCollector,basic,all,,,,,,,,0,inf,50,0
Fuerth_Subsidy,2023,city,purchase,SolarThermalCollectorFlatPlate,basic,all,,,,,,,,0,inf,50,0
Fuerth_Subsidy,2023,city,purchase,SolarThermalCollectorTube,basic,all,,,,,,,,0,inf,50,0
Fuerth_Subsidy,2023,city,purchase,PV,basic,all,,,,0,0.6,0,100,,,,
Fuerth_Subsidy,2023,city,purchase,PV,basic,all,,,,0.6,30,50,0,,,,
Fuerth_Subsidy,2023,city,purchase,PV,basic,all,,,,30,inf,0,1500,,,,
Fuerth_Subsidy,2023,city,purchase,Battery,basic,all,,,,0,inf,0,500,,,,
Fuerth_Subsidy,2023,city,purchase,HeatPump,basic,all,,,,0,inf,0,1000,,,,
Fuerth_Subsidy,2023,city,purchase,HeatPumpAirWater,basic,all,,,,0,inf,0,1000,,,,
Fuerth_Subsidy,2023,city,purchase,HeatPumpBrineWater,basic,all,,,,0,inf,0,1000,,,,
Coburg_Subsidy,2023,city,purchase,PV,basic,all,,0.45,0,,,,,,,,
Coburg_Subsidy,2023,city,purchase,PV,basic,all,,0,20000,,,,,,,,
Coburg_Subsidy,2023,city,purchase,Battery,basic,all,,,,0,5,0,0,,,,
Coburg_Subsidy,2023,city,purchase,Battery,basic,all,,,,5,30,75,500,,,,
Coburg_Subsidy,2023,city,purchase,Battery,basic,all,,,,30,inf,0,2750,,,,
Weiden in der Oberpfalz_Subsidy,2023,city,purchase,PV,basic,all,,,,0,0.6,0,100,,,,
Weiden in der Oberpfalz_Subsidy,2023,city,purchase,PV,basic,all,,,,0.6,inf,0,0,,,,
Berlin_Subsidy,2023,city,purchase,Battery,basic,EFH;ZFH;MFH,,,,0,50,300,0,,,,
Berlin_Subsidy,2023,city,purchase,Battery,basic,EFH;ZFH;MFH,,,,50,inf,0,15000,,,,
Berlin_Subsidy,2023,city,purchase,Battery,basic,NWG,,,,0,50,300,0,,,,
Berlin_Subsidy,2023,city,purchase,Battery,basic,NWG,,,,50,inf,0,15000,,,,
Berlin_Subsidy,2023,city,purchase,SolarThermalCollector,basic,EFH;ZFH;MFH,,0.2,0,,,,,,,,
Berlin_Subsidy,2023,city,purchase,SolarThermalCollector,basic,EFH;ZFH;MFH,,0,15000,,,,,,,,
Berlin_Subsidy,2023,city,purchase,SolarThermalCollectorFlatPlate,basic,EFH;ZFH;MFH,,0.2,0,,,,,,,,
Berlin_Subsidy,2023,city,purchase,SolarThermalCollectorFlatPlate,basic,EFH;ZFH;MFH,,0,15000,,,,,,,,
Berlin_Subsidy,2023,city,purchase,SolarThermalCollectorTube,basic,EFH;ZFH;MFH,,0.2,0,,,,,,,,
Berlin_Subsidy,2023,city,purchase,SolarThermalCollectorTube,basic,EFH;ZFH;MFH,,0,15000,,,,,,,,
Berlin_Subsidy,2023,city,purchase,SolarThermalCollector,basic,NWG,,0.2,0,,,,,,,,
Berlin_Subsidy,2023,city,purchase,SolarThermalCollector,basic,NWG,,0,60000,,,,,,,,
Berlin_Subsidy,2023,city,purchase,SolarThermalCollectorFlatPlate,basic,NWG,,0.2,0,,,,,,,,
Berlin_Subsidy,2023,city,purchase,SolarThermalCollectorFlatPlate,basic,NWG,,0,60000,,,,,,,,
Berlin_Subsidy,2023,city,purchase,SolarThermalCollectorTube,basic,NWG,,0.2,0,,,,,,,,
Berlin_Subsidy,2023,city,purchase,SolarThermalCollectorTube,basic,NWG,,0,60000,,,,,,,,
Berlin_Subsidy,2023,city,purchase,HeatPump,basic,EFH;ZFH;MFH,,0.25,0,,,,,,,,
Berlin_Subsidy,2023,city,purchase,HeatPump,basic,EFH;ZFH;MFH,,0,15000,,,,,,,,
Berlin_Subsidy,2023,city,purchase,HeatPumpAirWater,basic,EFH;ZFH;MFH,,0.25,0,,,,,,,,
Berlin_Subsidy,2023,city,purchase,HeatPumpAirWater,basic,EFH;ZFH;MFH,,0,15000,,,,,,,,
Berlin_Subsidy,2023,city,purchase,HeatPumpBrineWater,basic,EFH;ZFH;MFH,,0.25,0,,,,,,,,
Berlin_Subsidy,2023,city,purchase,HeatPumpBrineWater,basic,EFH;ZFH;MFH,,0,15000,,,,,,,,
Berlin_Subsidy,2023,city,purchase,HeatPump,basic,NWG,,0.25,0,,,,,,,,
Berlin_Subsidy,2023,city,purchase,HeatPump,basic,NWG,,0,60000,,,,,,,,
Berlin_Subsidy,2023,city,purchase,HeatPumpAirWater,basic,NWG,,0.25,0,,,,,,,,
Berlin_Subsidy,2023,city,purchase,HeatPumpAirWater,basic,NWG,,0,60000,,,,,,,,
Berlin_Subsidy,2023,city,purchase,HeatPumpBrineWater,basic,NWG,,0.25,0,,,,,,,,
Berlin_Subsidy,2023,city,purchase,HeatPumpBrineWater,basic,NWG,,0,60000,,,,,,,,
Bremen_Subsidy,2023,city,purchase,CHP,basic,all,,0.4,0,,,,,,,,
Potsdam_Subsidy,2023,city,purchase,PV,basic,EFH;ZFH;MFH,,,,0,0.6,0,250,,,,
Potsdam_Subsidy,2023,city,purchase,PV,basic,EFH;ZFH;MFH,,,,0.6,6,200,0,,,,
Potsdam_Subsidy,2023,city,purchase,PV,basic,EFH;ZFH;MFH,,,,6,inf,0,1200,,,,
Potsdam_Subsidy,2023,city,purchase,PV,basic,NWG,,,,0,0.6,0,250,,,,
Potsdam_Subsidy,2023,city,purchase,PV,basic,NWG,,,,0.6,6,200,0,,,,
Potsdam_Subsidy,2023,city,purchase,PV,basic,NWG,,,,6,inf,0,1200,,,,
Potsdam_Subsidy,2023,city,purchase,HeatPump,basic,EFH;ZFH;MFH,,,,0,inf,0,1000,,,,
Potsdam_Subsidy,2023,city,purchase,HeatPumpAirWater,basic,EFH;ZFH;MFH,,,,0,inf,0,1000,,,,
Potsdam_Subsidy,2023,city,purchase,HeatPumpBrineWater,basic,EFH;ZFH;MFH,,,,0,inf,0,1000,,,,
Potsdam_Subsidy,2023,city,purchase,Battery,basic,EFH;ZFH;MFH,,,,0,2,0,0,,,,
Potsdam_Subsidy,2023,city,purchase,Battery,basic,EFH;ZFH;MFH,,,,2,inf,0,1000,,,,
Potsdam_Subsidy,2023,city,purchase,Battery,basic,NWG,,,,0,2,0,0,,,,
Potsdam_Subsidy,2023,city,purchase,Battery,basic,NWG,,,,2,inf,0,1000,,,,
Hamburg_Subsidy,2023,city,purchase,SolarThermalCollector,basic,Neubau,,,,,,,,0,20,0,0
Hamburg_Subsidy,2023,city,purchase,SolarThermalCollector,basic,Neubau,,,,,,,,20,200,150,0
Hamburg_Subsidy,2023,city,purchase,SolarThermalCollector,basic,Neubau,,,,,,,,200,inf,0,30000
Hamburg_Subsidy,2023,city,purchase,SolarThermalCollector,basic,Bestandbau,,,,,,,,0,20,0,0
Hamburg_Subsidy,2023,city,purchase,SolarThermalCollector,basic,Bestandbau,,,,,,,,20,200,200,0
Hamburg_Subsidy,2023,city,purchase,SolarThermalCollector,basic,Bestandbau,,,,,,,,200,inf,0,40000
Hamburg_Subsidy,2023,city,purchase,SolarThermalCollectorFlatPlate,basic,Neubau,,,,,,,,0,20,0,0
Hamburg_Subsidy,2023,city,purchase,SolarThermalCollectorFlatPlate,basic,Neubau,,,,,,,,20,200,150,0
Hamburg_Subsidy,2023,city,purchase,SolarThermalCollectorFlatPlate,basic,Neubau,,,,,,,,200,inf,0,30000
Hamburg_Subsidy,2023,city,purchase,SolarThermalCollectorFlatPlate,basic,Bestandbau,,,,,,,,0,20,0,0
Hamburg_Subsidy,2023,city,purchase,SolarThermalCollectorFlatPlate,basic,Bestandbau,,,,,,,,20,200,200,0
Hamburg_Subsidy,2023,city,purchase,SolarThermalCollectorFlatPlate,basic,Bestandbau,,,,,,,,200,inf,0,40000
Hamburg_Subsidy,2023,city,purchase,SolarThermalCollectorTube,basic,Neubau,,,,,,,,0,20,0,0
Hamburg_Subsidy,2023,city,purchase,SolarThermalCollectorTube,basic,Neubau,,,,,,,,20,200,150,0
Hamburg_Subsidy,2023,city,purchase,SolarThermalCollectorTube,basic,Neubau,,,,,,,,200,inf,0,30000
Hamburg_Subsidy,2023,city,purchase,SolarThermalCollectorTube,basic,Bestandbau,,,,,,,,0,20,0,0
Hamburg_Subsidy,2023,city,purchase,SolarThermalCollectorTube,basic,Bestandbau,,,,,,,,20,200,200,0
Hamburg_Subsidy,2023,city,purchase,SolarThermalCollectorTube,basic,Bestandbau,,,,,,,,200,inf,0,40000
Hamburg_Subsidy,2023,city,purchase,HeatPumpBrineWater,basic,Neubau,,,,0,42,100,0,,,,
Hamburg_Subsidy,2023,city,purchase,HeatPumpBrineWater,basic,Neubau,,,,42,inf,0,4200,,,,
Hamburg_Subsidy,2023,city,purchase,HeatPumpAirWater,basic,Neubau,,,,0,40,75,0,,,,
Hamburg_Subsidy,2023,city,purchase,HeatPumpAirWater,basic,Neubau,,,,40,inf,0,3000,,,,
Hamburg_Subsidy,2023,city,purchase,HeatPumpBrineWater,basic,Bestandbau,,,,0,42,100,0,,,,
Hamburg_Subsidy,2023,city,purchase,HeatPumpBrineWater,basic,Bestandbau,,,,42,inf,0,4200,,,,
Hamburg_Subsidy,2023,city,purchase,HeatPumpAirWater,basic,Bestandbau,,,,0,40,75,0,,,,
Hamburg_Subsidy,2023,city,purchase,HeatPumpAirWater,basic,Bestandbau,,,,40,inf,0,3000,,,,
Wiesbaden_Subsidy,2023,city,purchase,PV,basic,all,,,,0,3,0,300,,,,
Wiesbaden_Subsidy,2023,city,purchase,PV,basic,all,,,,3,6,0,400,,,,
Wiesbaden_Subsidy,2023,city,purchase,PV,basic,all,,,,6,inf,0,500,,,,
Wiesbaden_Subsidy,2023,city,purchase,Battery,basic,all,,,,0,3,0,500,,,,
Wiesbaden_Subsidy,2023,city,purchase,Battery,basic,all,,,,3,6,0,750,,,,
Wiesbaden_Subsidy,2023,city,purchase,Battery,basic,all,,,,6,inf,0,1000,,,,
Darmstadt_Subsidy,2023,city,purchase,PV,basic,all,,,,0,0.2,0,0,,,,
Darmstadt_Subsidy,2023,city,purchase,PV,basic,all,,,,0.2,0.45,0,200,,,,
Darmstadt_Subsidy,2023,city,purchase,PV,basic,all,,,,0.45,0.6,0,400,,,,
Darmstadt_Subsidy,2023,city,purchase,PV,basic,all,,,,0.6,30,200,0,,,,
Darmstadt_Subsidy,2023,city,purchase,PV,basic,all,,,,30,inf,0,6000,,,,
Hannover_Subsidy,2023,city,purchase,PV,basic,EFH;ZFH,,,,0,2,0,0,,,,
Hannover_Subsidy,2023,city,purchase,PV,basic,EFH;ZFH,,,,2,30,100,0,,,,
Hannover_Subsidy,2023,city,purchase,PV,basic,EFH;ZFH,,,,30,inf,0,3000,,,,
Hannover_Subsidy,2023,city,purchase,PV,basic,MFH;NWG,,,,0,2,0,0,,,,
Hannover_Subsidy,2023,city,purchase,PV,basic,MFH;NWG,,,,2,30,100,0,,,,
Hannover_Subsidy,2023,city,purchase,PV,basic,MFH;NWG,,,,30,inf,0,3000,,,,
Hannover_Subsidy,2023,city,purchase,SolarThermalCollector,basic,EFH;ZFH,,0.1,0,,,,,,,,
Hannover_Subsidy,2023,city,purchase,SolarThermalCollector,basic,EFH;ZFH,,,3000,,,,,,,,
Hannover_Subsidy,2023,city,purchase,SolarThermalCollectorFlatPlate,basic,EFH;ZFH,,0.1,0,,,,,,,,
Hannover_Subsidy,2023,city,purchase,SolarThermalCollectorFlatPlate,basic,EFH;ZFH,,,3000,,,,,,,,
Hannover_Subsidy,2023,city,purchase,SolarThermalCollectorTube,basic,EFH;ZFH,,0.1,0,,,,,,,,
Hannover_Subsidy,2023,city,purchase,SolarThermalCollectorTube,basic,EFH;ZFH,,,3000,,,,,,,,
Hannover_Subsidy,2023,city,purchase,SolarThermalCollector,basic,MFH;NWG,,0.1,0,,,,,,,,
Hannover_Subsidy,2023,city,purchase,SolarThermalCollector,basic,MFH;NWG,,0,20000,,,,,,,,
Hannover_Subsidy,2023,city,purchase,SolarThermalCollectorFlatPlate,basic,MFH;NWG,,0.1,0,,,,,,,,
Hannover_Subsidy,2023,city,purchase,SolarThermalCollectorFlatPlate,basic,MFH;NWG,,0,20000,,,,,,,,
Hannover_Subsidy,2023,city,purchase,SolarThermalCollectorTube,basic,MFH;NWG,,0.1,0,,,,,,,,
Hannover_Subsidy,2023,city,purchase,SolarThermalCollectorTube,basic,MFH;NWG,,0,20000,,,,,,,,
Hannover_Subsidy,2023,city,purchase,HeatPumpAirWater,basic,EFH;ZFH,,0.1,0,,,,,,,,
Hannover_Subsidy,2023,city,purchase,HeatPumpAirWater,basic,EFH;ZFH,,0,3000,,,,,,,,
Hannover_Subsidy,2023,city,purchase,HeatPumpBrineWater,basic,EFH;ZFH,,0.1,0,,,,,,,,
Hannover_Subsidy,2023,city,purchase,HeatPumpBrineWater,basic,EFH;ZFH,,0,5000,,,,,,,,
Hannover_Subsidy,2023,city,purchase,HeatPump,basic,MFH;NWG,,0.1,0,,,,,,,,
Hannover_Subsidy,2023,city,purchase,HeatPump,basic,MFH;NWG,,0,20000,,,,,,,,
Hannover_Subsidy,2023,city,purchase,HeatPumpAirWater,basic,MFH;NWG,,0.1,0,,,,,,,,
Hannover_Subsidy,2023,city,purchase,HeatPumpAirWater,basic,MFH;NWG,,0,20000,,,,,,,,
Hannover_Subsidy,2023,city,purchase,HeatPumpBrineWater,basic,MFH;NWG,,0.1,0,,,,,,,,
Hannover_Subsidy,2023,city,purchase,HeatPumpBrineWater,basic,MFH;NWG,,0,20000,,,,,,,,
Braunschweig_subsidy,2023,city,purchase,PV,basic,all,,,,0,0.25,0,0,,,,
Braunschweig_subsidy,2023,city,purchase,PV,basic,all,,,,0.25,0.4,0,250,,,,
Braunschweig_subsidy,2023,city,purchase,PV,basic,all,,,,0.4,0.6,0,400,,,,
Braunschweig_subsidy,2023,city,purchase,PV,basic,all,,,,0.6,3,0,0,,,,
Braunschweig_subsidy,2023,city,purchase,PV,basic,all,,,,3,20,200,0,,,,
Braunschweig_subsidy,2023,city,purchase,PV,basic,all,,,,20,inf,0,4000,,,,
Wolfsburg_Subsidy,2023,city,purchase,PV,basic,all,,,,0,0.25,0,0,,,,
Wolfsburg_Subsidy,2023,city,purchase,PV,basic,all,,,,0.25,0.4,0,150,,,,
Wolfsburg_Subsidy,2023,city,purchase,PV,basic,all,,,,0.4,0.6,0,200,,,,
Wolfsburg_Subsidy,2023,city,purchase,PV,basic,all,,,,0.6,1,0,0,,,,
Wolfsburg_Subsidy,2023,city,purchase,PV,basic,all,,,,1,10,0,700,,,,
Wolfsburg_Subsidy,2023,city,purchase,PV,basic,all,,,,10,15,0,1100,,,,
Wolfsburg_Subsidy,2023,city,purchase,PV,basic,all,,,,15,inf,0,1500,,,,
Wolfsburg_Subsidy,2023,city,purchase,Battery,basic,all,,,,0,3,0,0,,,,
Wolfsburg_Subsidy,2023,city,purchase,Battery,basic,all,,,,3,inf,0,500,,,,
Oldenburg_Subsidy,2023,city,purchase,PV,basic,all,,,,0,3,0,0,,,,
Oldenburg_Subsidy,2023,city,purchase,PV,basic,all,,,,3,10,150,0,,,,
Oldenburg_Subsidy,2023,city,purchase,PV,basic,all,,,,11,20,125,1500,,,,
Oldenburg_Subsidy,2023,city,purchase,PV,basic,all,,,,21,35,100,2750,,,,
Oldenburg_Subsidy,2023,city,purchase,PV,basic,all,,,,35,inf,0,4250,,,,
Delmenhorst_Subsidy,2023,city,purchase,PV,basic,all,,,,0,0.6,0,200,,,,
Delmenhorst_Subsidy,2023,city,purchase,PV,basic,all,,,,0.6,inf,0,0,,,,
Auhagen_Subsidy,2023,city,purchase,HeatPumpAirWater,basic,Neubau,,,,0,inf,0,500,,,,
Auhagen_Subsidy,2023,city,purchase,HeatPumpBrineWater,basic,Bestandbau,,,,0,inf,0,7250,,,,
Auhagen_Subsidy,2023,city,purchase,HeatPumpBrineWater,basic,Neubau,,,,0,inf,0,5000,,,,
Celle_Subsidy,2023,city,purchase,HeatPumpAirWater,basic,Neubau,,,,0,inf,0,500,,,,
Celle_Subsidy,2023,city,purchase,HeatPumpBrineWater,basic,Bestandbau,,,,0,inf,0,7250,,,,
Celle_Subsidy,2023,city,purchase,HeatPumpBrineWater,basic,Neubau,,,,0,inf,0,5000,,,,
Damme_Subsidy,2023,city,purchase,HeatPumpAirWater,basic,Neubau,,,,0,inf,0,500,,,,
Damme_Subsidy,2023,city,purchase,HeatPumpBrineWater,basic,Bestandbau,,,,0,inf,0,7250,,,,
Damme_Subsidy,2023,city,purchase,HeatPumpBrineWater,basic,Neubau,,,,0,inf,0,5000,,,,
Hilter am Teutoburger Wald_Subsidy,2023,city,purchase,HeatPumpAirWater,basic,Neubau,,,,0,inf,0,500,,,,
Hilter am Teutoburger Wald_Subsidy,2023,city,purchase,HeatPumpBrineWater,basic,Bestandbau,,,,0,inf,0,7250,,,,
Hilter am Teutoburger Wald_Subsidy,2023,city,purchase,HeatPumpBrineWater,basic,Neubau,,,,0,inf,0,5000,,,,
Leer_Subsidy,2023,city,purchase,HeatPumpAirWater,basic,Neubau,,,,0,inf,0,500,,,,
Leer_Subsidy,2023,city,purchase,HeatPumpBrineWater,basic,Bestandbau,,,,0,inf,0,7250,,,,
Leer_Subsidy,2023,city,purchase,HeatPumpBrineWater,basic,Neubau,,,,0,inf,0,5000,,,,
Koeln_Subsidy,2023,city,purchase,PV,basic,all,,,,0,0.6,0,200,,,,
Koeln_Subsidy,2023,city,purchase,PV,basic,all,,,,0.6,50,250,0,,,,
Koeln_Subsidy,2023,city,purchase,PV,basic,all,,,,50,inf,0,12500,,,,
Koeln_Subsidy,2023,city,purchase,Battery,basic,all,,,,0,50,150,0,,,,
Koeln_Subsidy,2023,city,purchase,Battery,basic,all,,,,50,inf,0,7500,,,,
Koeln_Subsidy,2023,city,purchase,CHP,basic,all,,,,0,4,1500,0,,,,
Koeln_Subsidy,2023,city,purchase,CHP,basic,all,,,,4,6,1000,6000,,,,
Koeln_Subsidy,2023,city,purchase,CHP,basic,all,,,,6,12,300,8000,,,,
Koeln_Subsidy,2023,city,purchase,CHP,basic,all,,,,12,25,150,9800,,,,
Koeln_Subsidy,2023,city,purchase,CHP,basic,all,,,,25,50,75,11750,,,,
Koeln_Subsidy,2023,city,purchase,CHP,basic,all,,,,50,inf,0,13625,,,,
Dusseldorf_Subsidy,2023,city,purchase,PV,basic,Bestandbau,,,,0,0.6,0,0,,,,
Dusseldorf_Subsidy,2023,city,purchase,PV,basic,Bestandbau,,,,0.6,10,300,0,,,,
Dusseldorf_Subsidy,2023,city,purchase,PV,basic,Bestandbau,,,,10,45,200,3000,,,,
Dusseldorf_Subsidy,2023,city,purchase,PV,basic,Bestandbau,,,,45,inf,0,10000,,,,
Dusseldorf_Subsidy,2023,city,purchase,Battery,basic,Bestandbau,,,,0,inf,250,0,,,,
Dusseldorf_Subsidy,2023,city,purchase,HeatPump,basic,Bestandbau,,,,0,25,0,3500,,,,
Dusseldorf_Subsidy,2023,city,purchase,HeatPump,basic,Bestandbau,,,,25,50,0,4000,,,,
Dusseldorf_Subsidy,2023,city,purchase,HeatPump,basic,Bestandbau,,,,50,inf,0,4500,,,,
Dusseldorf_Subsidy,2023,city,purchase,HeatPumpAirWater,basic,Bestandbau,,,,0,25,0,3500,,,,
Dusseldorf_Subsidy,2023,city,purchase,HeatPumpAirWater,basic,Bestandbau,,,,25,50,0,4000,,,,
Dusseldorf_Subsidy,2023,city,purchase,HeatPumpAirWater,basic,Bestandbau,,,,50,inf,0,4500,,,,
Dusseldorf_Subsidy,2023,city,purchase,HeatPumpBrineWater,basic,Bestandbau,,,,0,25,0,3500,,,,
Dusseldorf_Subsidy,2023,city,purchase,HeatPumpBrineWater,basic,Bestandbau,,,,25,50,0,4000,,,,
Dusseldorf_Subsidy,2023,city,purchase,HeatPumpBrineWater,basic,Bestandbau,,,,50,inf,0,4500,,,,
Dusseldorf_Subsidy,2023,city,purchase,SolarThermalCollectorFlatPlate,basic,Bestandbau,,,,,,,,0,4,0,
Dusseldorf_Subsidy,2023,city,purchase,SolarThermalCollectorFlatPlate,basic,Bestandbau,,,,,,,,4,20,200,
Dusseldorf_Subsidy,2023,city,purchase,SolarThermalCollectorFlatPlate,basic,Bestandbau,,,,,,,,20,inf,120,
Dusseldorf_Subsidy,2023,city,purchase,SolarThermalCollectorTube,basic,Bestandbau,,,,,,,,0,4,0,
Dusseldorf_Subsidy,2023,city,purchase,SolarThermalCollectorTube,basic,Bestandbau,,,,,,,,4,20,250,
Dusseldorf_Subsidy,2023,city,purchase,SolarThermalCollectorTube,basic,Bestandbau,,,,,,,,20,inf,150,
Dusseldorf_Subsidy,2023,city,purchase,PV,basic,Neubau,,,,0,0.6,0,600,,,,
Dusseldorf_Subsidy,2023,city,purchase,PV,basic,Neubau,,,,0.6,10,300,0,,,,
Dusseldorf_Subsidy,2023,city,purchase,PV,basic,Neubau,,,,10,45,200,3000,,,,
Dusseldorf_Subsidy,2023,city,purchase,PV,basic,Neubau,,,,45,inf,0,10000,,,,
Dusseldorf_Subsidy,2023,city,purchase,Battery,basic,Neubau,,,,0,inf,250,0,,,,
Dusseldorf_Subsidy,2023,city,purchase,SolarThermalCollector,basic,Neubau,,,,,,,,0,4,0,0
Dusseldorf_Subsidy,2023,city,purchase,SolarThermalCollector,basic,Neubau,,,,,,,,4,20,200,0
Dusseldorf_Subsidy,2023,city,purchase,SolarThermalCollector,basic,Neubau,,,,,,,,20,inf,120,0
Dusseldorf_Subsidy,2023,city,purchase,SolarThermalCollectorFlatPlate,basic,Neubau,,,,,,,,0,4,0,0
Dusseldorf_Subsidy,2023,city,purchase,SolarThermalCollectorFlatPlate,basic,Neubau,,,,,,,,4,20,200,0
Dusseldorf_Subsidy,2023,city,purchase,SolarThermalCollectorFlatPlate,basic,Neubau,,,,,,,,20,inf,120,0
Dusseldorf_Subsidy,2023,city,purchase,SolarThermalCollectorTube,basic,Neubau,,,,,,,,0,4,0,0
Dusseldorf_Subsidy,2023,city,purchase,SolarThermalCollectorTube,basic,Neubau,,,,,,,,4,20,250,0
Dusseldorf_Subsidy,2023,city,purchase,SolarThermalCollectorTube,basic,Neubau,,,,,,,,20,inf,150,0
Bonn_Subsidy,2023,city,purchase,PV,basic,EFH;ZFH,,,,0,0.6,300,0,,,,
Bonn_Subsidy,2023,city,purchase,PV,basic,EFH;ZFH,,,,0.6,250,100,0,,,,
Bonn_Subsidy,2023,city,purchase,PV,basic,EFH;ZFH,,,,250,inf,0,25000,,,,
Bonn_Subsidy,2023,city,purchase,PV,basic,MFH,,,,0,0.6,300,0,,,,
Bonn_Subsidy,2023,city,purchase,PV,basic,MFH,,,,0.6,83.33,300,0,,,,
Bonn_Subsidy,2023,city,purchase,PV,basic,MFH,,,,83.33,inf,0,25000,,,,
Bonn_Subsidy,2023,city,purchase,PV,basic,NWG,,,,0,0.6,300,0,,,,
Bonn_Subsidy,2023,city,purchase,PV,basic,NWG,,,,0.6,125,200,0,,,,
Bonn_Subsidy,2023,city,purchase,PV,basic,NWG,,,,125,inf,0,25000,,,,
Bonn_Subsidy,2023,city,purchase,SolarThermalCollector,basic,EFH;ZFH,,,,,,,,0,166.67,150,0
Bonn_Subsidy,2023,city,purchase,SolarThermalCollector,basic,EFH;ZFH,,,,,,,,166.67,inf,0,25000
Bonn_Subsidy,2023,city,purchase,SolarThermalCollectorFlatPlate,basic,EFH;ZFH,,,,,,,,0,166.67,150,0
Bonn_Subsidy,2023,city,purchase,SolarThermalCollectorFlatPlate,basic,EFH;ZFH,,,,,,,,166.67,inf,0,25000
Bonn_Subsidy,2023,city,purchase,SolarThermalCollectorTube,basic,EFH;ZFH,,,,,,,,0,166.67,150,0
Bonn_Subsidy,2023,city,purchase,SolarThermalCollectorTube,basic,EFH;ZFH,,,,,,,,166.67,inf,0,25000
Bonn_Subsidy,2023,city,purchase,SolarThermalCollector,basic,MFH,,,,,,,,0,166.67,150,0
Bonn_Subsidy,2023,city,purchase,SolarThermalCollector,basic,MFH,,,,,,,,166.67,inf,0,25000
Bonn_Subsidy,2023,city,purchase,SolarThermalCollectorFlatPlate,basic,MFH,,,,,,,,0,166.67,150,0
Bonn_Subsidy,2023,city,purchase,SolarThermalCollectorFlatPlate,basic,MFH,,,,,,,,166.67,inf,0,25000
Bonn_Subsidy,2023,city,purchase,SolarThermalCollectorTube,basic,MFH,,,,,,,,0,166.67,150,0
Bonn_Subsidy,2023,city,purchase,SolarThermalCollectorTube,basic,MFH,,,,,,,,166.67,inf,0,25000
Bonn_Subsidy,2023,city,purchase,SolarThermalCollector,basic,NWG,,,,,,,,0,166.67,150,0
Bonn_Subsidy,2023,city,purchase,SolarThermalCollector,basic,NWG,,,,,,,,166.67,inf,0,25000
Bonn_Subsidy,2023,city,purchase,SolarThermalCollectorFlatPlate,basic,NWG,,,,,,,,0,166.67,150,0
Bonn_Subsidy,2023,city,purchase,SolarThermalCollectorFlatPlate,basic,NWG,,,,,,,,166.67,inf,0,25000
Bonn_Subsidy,2023,city,purchase,SolarThermalCollectorTube,basic,NWG,,,,,,,,0,166.67,150,0
Bonn_Subsidy,2023,city,purchase,SolarThermalCollectorTube,basic,NWG,,,,,,,,166.67,inf,0,25000
Essen_Subsidy,2023,city,purchase,PV,basic,all,,,,0,0.3,0,0,,,,
Essen_Subsidy,2023,city,purchase,PV,basic,all,,,,0.3,0.6,0,200,,,,
Essen_Subsidy,2023,city,purchase,PV,basic,all,,,,0.6,1,0,0,,,,
Essen_Subsidy,2023,city,purchase,PV,basic,all,,,,1,2,0,500,,,,
Essen_Subsidy,2023,city,purchase,PV,basic,all,,,,2,5,0,750,,,,
Essen_Subsidy,2023,city,purchase,PV,basic,all,,,,5,10,0,1000,,,,
Essen_Subsidy,2023,city,purchase,PV,basic,all,,,,10,40,100,0,,,,
Essen_Subsidy,2023,city,purchase,PV,basic,all,,,,40,inf,0,4000,,,,
Essen_Subsidy,2023,city,purchase,SolarThermalCollector,basic,all,,,,,,,,0,inf,0,1000
Essen_Subsidy,2023,city,purchase,SolarThermalCollectorFlatPlate,basic,all,,,,,,,,0,inf,0,1000
Essen_Subsidy,2023,city,purchase,SolarThermalCollectorTube,basic,all,,,,,,,,0,inf,0,1000
Dortmund_Subsidy,2023,city,purchase,PV,basic,NWG,,0.5,0,,,,,,,,
Dortmund_Subsidy,2023,city,purchase,PV,basic,NWG,,0,15000,,,,,,,,
Dortmund_Subsidy,2023,city,purchase,HeatPump,basic,all,,0.15,0,,,,,,,,
Dortmund_Subsidy,2023,city,purchase,HeatPump,basic,all,,0,10000,,,,,,,,
Dortmund_Subsidy,2023,city,purchase,HeatPumpAirWater,basic,all,,0.15,0,,,,,,,,
Dortmund_Subsidy,2023,city,purchase,HeatPumpAirWater,basic,all,,0,10000,,,,,,,,
Dortmund_Subsidy,2023,city,purchase,HeatPumpBrineWater,basic,all,,0.15,0,,,,,,,,
Dortmund_Subsidy,2023,city,purchase,HeatPumpBrineWater,basic,all,,0,10000,,,,,,,,
Aachen_Subsidy,2023,city,purchase,PV,basic,all,,,,0,0.15,0,0,,,,
Aachen_Subsidy,2023,city,purchase,PV,basic,all,,,,0.15,0.6,0,200,,,,
Aachen_Subsidy,2023,city,purchase,PV,basic,all,,,,0.6,1,0,0,,,,
Aachen_Subsidy,2023,city,purchase,PV,basic,all,,,,1,2,0,500,,,,
Aachen_Subsidy,2023,city,purchase,PV,basic,all,,,,2,5,0,750,,,,
Aachen_Subsidy,2023,city,purchase,PV,basic,all,,,,5,10,0,1000,,,,
Aachen_Subsidy,2023,city,purchase,PV,basic,all,,,,10,30,75,1000,,,,
Aachen_Subsidy,2023,city,purchase,PV,basic,all,,,,30,inf,0,2500,,,,
Aachen_Subsidy,2023,city,purchase,Battery,basic,all,,,,0,1,0,0,,,,
Aachen_Subsidy,2023,city,purchase,Battery,basic,all,,,,1,20,100,0,,,,
Aachen_Subsidy,2023,city,purchase,Battery,basic,all,,,,20,inf,0,2000,,,,
Aachen_Subsidy,2023,city,purchase,SolarThermalCollector,basic,all,,,,,,,,0,inf,0,2500
Aachen_Subsidy,2023,city,purchase,SolarThermalCollectorFlatPlate,basic,all,,,,,,,,0,inf,0,2500
Aachen_Subsidy,2023,city,purchase,SolarThermalCollectorTube,basic,all,,,,,,,,0,inf,0,2500
Muenster_Subsidy,2023,city,purchase,PV,basic,MFH,,,,0,inf,300,0,,,,
Duisburg_Subsidy,2023,city,purchase,PV,basic,all,,,,0,1,0,0,,,,
Duisburg_Subsidy,2023,city,purchase,PV,basic,all,,,,1,2,0,600,,,,
Duisburg_Subsidy,2023,city,purchase,PV,basic,all,,,,2,5,0,800,,,,
Duisburg_Subsidy,2023,city,purchase,PV,basic,all,,,,5,10,0,1500,,,,
Duisburg_Subsidy,2023,city,purchase,PV,basic,all,,,,10,30,150,0,,,,
Duisburg_Subsidy,2023,city,purchase,PV,basic,all,,,,30,inf,0,4500,,,,
Bielefeld_Subsidy,2023,city,purchase,PV,basic,all,,,,0,50,100,0,,,,
Bielefeld_Subsidy,2023,city,purchase,PV,basic,all,,,,50,inf,0,5000,,,,
Bochum_Subsidy,2023,city,purchase,PV,basic,all,,,,0,0.4,0,0,,,,
Bochum_Subsidy,2023,city,purchase,PV,basic,all,,,,0.4,0.6,0,400,,,,
Bochum_Subsidy,2023,city,purchase,PV,basic,all,,,,0.6,1,0,0,,,,
Bochum_Subsidy,2023,city,purchase,PV,basic,all,,,,1,2,0,500,,,,
Bochum_Subsidy,2023,city,purchase,PV,basic,all,,,,2,7,250,500,,,,
Bochum_Subsidy,2023,city,purchase,PV,basic,all,,,,7,inf,0,2250,,,,
Wuppertal_Subsidy,2023,city,purchase,PV,basic,all,,,,0,10,100,0,,,,
Wuppertal_Subsidy,2023,city,purchase,PV,basic,all,,,,10,inf,0,1000,,,,
Krefeld_Subsidy,2023,city,purchase,PV,basic,all,,,,0,0.6,0,400,,,,
Krefeld_Subsidy,2023,city,purchase,PV,basic,all,,,,0.6,10,100,0,,,,
Krefeld_Subsidy,2023,city,purchase,PV,basic,all,,,,10,inf,0,1000,,,,
Krefeld_Subsidy,2023,city,purchase,HeatPumpAirWater,basic,all,,,,0,inf,0,2000,,,,
Krefeld_Subsidy,2023,city,purchase,HeatPumpBrineWater,basic,all,,,,0,inf,0,2000,,,,
Krefeld_Subsidy,2023,city,purchase,SolarThermalCollector,basic,all,,,,,,,,0,inf,0,2000
Krefeld_Subsidy,2023,city,purchase,SolarThermalCollectorFlatPlate,basic,all,,,,,,,,0,inf,0,2000
Krefeld_Subsidy,2023,city,purchase,SolarThermalCollectorTube,basic,all,,,,,,,,0,inf,0,2000
Hagen_Subsidy,2023,city,purchase,PV,basic,all,,,,0,0.6,0,300,,,,
Hagen_Subsidy,2023,city,purchase,PV,basic,all,,,,0.6,inf,0,2000,,,,
Muelheim an der Ruhr_Subsidy,2023,city,purchase,SolarThermalCollectorFlatPlate,basic,EFH;ZFH,,,,,,,,0,inf,0,1200
Muelheim an der Ruhr_Subsidy,2023,city,purchase,SolarThermalCollectorFlatPlate,basic,MFH,,,,,,,,0,inf,0,600
Muelheim an der Ruhr_Subsidy,2023,city,purchase,SolarThermalCollectorTube,basic,EFH;ZFH,,,,,,,,0,inf,0,1200
Muelheim an der Ruhr_Subsidy,2023,city,purchase,SolarThermalCollectorTube,basic,MFH,,,,,,,,0,inf,0,600
Muelheim an der Ruhr_Subsidy,2023,city,purchase,CHP,basic,EFH;ZFH,,,,0,inf,0,1500,,,,
Muelheim an der Ruhr_Subsidy,2023,city,purchase,CHP,basic,MFH,,,,0,inf,0,1500,,,,
Oberhausen_Subsidy,2023,city,purchase,PV,basic,all,,,,0,4,0,0,,,,
Oberhausen_Subsidy,2023,city,purchase,PV,basic,all,,,,4,inf,0,2000,,,,
Oberhausen_Subsidy,2023,city,purchase,Battery,basic,all,,,,0,inf,0,800,,,,
Oberhausen_Subsidy,2023,city,purchase,SolarThermalCollectorFlatPlate,basic,all,,,,,,,,0,3,0,0
Oberhausen_Subsidy,2023,city,purchase,SolarThermalCollectorFlatPlate,basic,all,,,,,,,,3,inf,0,1000
Oberhausen_Subsidy,2023,city,purchase,SolarThermalCollectorTube,basic,all,,,,,,,,0,3,0,0
Oberhausen_Subsidy,2023,city,purchase,SolarThermalCollectorTube,basic,all,,,,,,,,3,inf,0,1000
Oberhausen_Subsidy,2023,city,purchase,CHP,basic,all,,,,0,inf,0,1000,,,,
Oberhausen_Subsidy,2023,city,purchase,HeatPump,basic,all,,,,0,inf,0,2000,,,,
Oberhausen_Subsidy,2023,city,purchase,HeatPumpAirWater,basic,all,,,,0,inf,0,2000,,,,
Oberhausen_Subsidy,2023,city,purchase,HeatPumpBrineWater,basic,all,,,,0,inf,0,2000,,,,
Solingen_Subsidy,2023,city,purchase,PV,basic,all,,,,0,0.6,0,400,,,,
Solingen_Subsidy,2023,city,purchase,PV,basic,all,,,,0.6,5,300,0,,,,
Solingen_Subsidy,2023,city,purchase,PV,basic,all,,,,5,inf,0,1500,,,,
Solingen_Subsidy,2023,city,purchase,Battery,basic,all,,,,0,inf,0,500,,,,
Herne_Subsidy,2023,city,purchase,PV,basic,all,,,,0,3,0,0,,,,
Herne_Subsidy,2023,city,purchase,PV,basic,all,,,,3,inf,0,500,,,,
Mainz_Subsidy,2023,city,purchase,PV,basic,all,,,,0,0.8,0,400,,,,
Mainz_Subsidy,2023,city,purchase,PV,basic,all,,,,0.8,30,200,0,,,,
Mainz_Subsidy,2023,city,purchase,PV,basic,all,,,,30,inf,0,6000,,,,
Koblenz_Subsidy,2023,city,purchase,PV,basic,all,,,,0,0.3,0,70,,,,
Koblenz_Subsidy,2023,city,purchase,PV,basic,all,,,,0.3,0.6,0,140,,,,
Koblenz_Subsidy,2023,city,purchase,PV,basic,all,,,,0.6,10,150,0,,,,
Koblenz_Subsidy,2023,city,purchase,PV,basic,all,,,,10,inf,0,1500,,,,
Koblenz_Subsidy,2023,city,purchase,Battery,basic,all,,,,0,10,100,0,,,,
Koblenz_Subsidy,2023,city,purchase,Battery,basic,all,,,,10,inf,0,1000,,,,
Zweibruecken_Subsidy,2023,city,purchase,HeatPumpBrineWater,basic,Bestandbau,,,,0,inf,0,750,,,,
Zweibruecken_Subsidy,2023,city,purchase,HeatPumpBrineWater,basic,Neubau,,,,0,inf,0,750,,,,
Zweibruecken_Subsidy,2023,city,purchase,HeatPumpAirWater,basic,Bestandbau,,,,0,inf,0,300,,,,
Zweibruecken_Subsidy,2023,city,purchase,SolarThermalCollectorFlatPlate,basic,Bestandbau,,,,,,,,0,4,0,0
Zweibruecken_Subsidy,2023,city,purchase,SolarThermalCollectorFlatPlate,basic,Bestandbau,,,,,,,,4,inf,0,250
Zweibruecken_Subsidy,2023,city,purchase,SolarThermalCollectorTube,basic,Bestandbau,,,,,,,,0,4,0,0
Zweibruecken_Subsidy,2023,city,purchase,SolarThermalCollectorTube,basic,Bestandbau,,,,,,,,4,inf,0,250
Kiel_Subsidy,2023,city,purchase,PV,basic,EFH,,,,0,0.6,0,100,,,,
Kiel_Subsidy,2023,city,purchase,PV,basic,EFH,,,,0.6,5,0,0,,,,
Kiel_Subsidy,2023,city,purchase,PV,basic,EFH,,,,5,100,300,0,,,,
Kiel_Subsidy,2023,city,purchase,PV,basic,EFH,,,,100,inf,0,30000,,,,
Kiel_Subsidy,2023,city,purchase,PV,basic,MFH,,,,0,0.6,0,100,,,,
Kiel_Subsidy,2023,city,purchase,PV,basic,MFH,,,,0.6,300,100,0,,,,
Kiel_Subsidy,2023,city,purchase,PV,basic,MFH,,,,300,inf,0,30000,,,,
Kiel_Subsidy,2023,city,purchase,PV,basic,NWG,,,,0,0.6,0,100,,,,
Kiel_Subsidy,2023,city,purchase,PV,basic,NWG,,,,0.6,150,100,0,,,,
Kiel_Subsidy,2023,city,purchase,PV,basic,NWG,,,,150,inf,0,15000,,,,
Kiel_Subsidy,2023,city,purchase,SolarThermalCollectorFlatPlate,basic,EFH,,,,,,,,0,inf,0,1000
Kiel_Subsidy,2023,city,purchase,SolarThermalCollectorTube,basic,EFH,,,,,,,,0,inf,0,1000
Kiel_Subsidy,2023,city,purchase,SolarThermalCollectorFlatPlate,basic,MFH,,,,,,,,0,25,200,0
Kiel_Subsidy,2023,city,purchase,SolarThermalCollectorFlatPlate,basic,MFH,,,,,,,,25,inf,0,5000
Kiel_Subsidy,2023,city,purchase,SolarThermalCollectorFlatPlate,basic,NWG,,,,,,,,0,25,200,0
Kiel_Subsidy,2023,city,purchase,SolarThermalCollectorFlatPlate,basic,NWG,,,,,,,,25,inf,0,5000
Kiel_Subsidy,2023,city,purchase,SolarThermalCollectorTube,basic,MFH,,,,,,,,0,20,250,0
Kiel_Subsidy,2023,city,purchase,SolarThermalCollectorTube,basic,MFH,,,,,,,,20,inf,0,5000
Kiel_Subsidy,2023,city,purchase,SolarThermalCollectorTube,basic,NWG,,,,,,,,0,20,250,0
Kiel_Subsidy,2023,city,purchase,SolarThermalCollectorTube,basic,NWG,,,,,,,,20,inf,0,5000
Luebeck_Subsidy,2023,city,purchase,PV,basic,all,,,,0,0.6,0,200,,,,
Luebeck_Subsidy,2023,city,purchase,PV,basic,all,,,,0.6,inf,0,0,,,,
Jena_Subsidy,2023,city,purchase,PV,basic,all,,,,0,0.6,0,200,,,,
Jena_Subsidy,2023,city,purchase,PV,basic,all,,,,0.6,inf,0,0,,,,
Jena_Subsidy,2023,city,purchase,PV,premium,all,,,,0,0.6,0,600,,,,
Jena_Subsidy,2023,city,purchase,PV,premium,all,,,,0.6,inf,0,0,,,,
